{
    "matches": {
        "easy": {
            "win": [
                {
                    "total_time": 38.03,
                    "avg_move_time": 2.93,
                    "score": 94,
                    "starts_first": "computer",
                    "play_mode": "pro",
                    "date": [
                        2024,
                        2,
                        2
                    ]
                },
                {
                    "total_time": 4.13,
                    "avg_move_time": 1.03,
                    "score": 39,
                    "starts_first": "computer",
                    "play_mode": "pro",
                    "date": [
                        2024,
                        2,
                        2
                    ]
                },
                {
                    "total_time": 1.39,
                    "avg_move_time": 0.46,
                    "score": 32,
                    "starts_first": "computer",
                    "play_mode": "pro",
                    "date": [
                        2024,
                        2,
                        2
                    ]
                },
                {
                    "total_time": 1.93,
                    "avg_move_time": 0.64,
                    "score": 32,
                    "starts_first": "computer",
                    "play_mode": "pro",
                    "date": [
                        2024,
                        2,
                        2
                    ]
                },
                {
                    "total_time": 1.58,
                    "avg_move_time": 0.53,
                    "score": 32,
                    "starts_first": "computer",
                    "play_mode": "pro",
                    "date": [
                        2024,
                        2,
                        2
                    ]
                },
                {
                    "total_time": 1.58,
                    "avg_move_time": 0.53,
                    "score": 32,
                    "starts_first": "computer",
                    "play_mode": "pro",
                    "date": [
                        2024,
                        2,
                        2
                    ]
                },
                {
                    "total_time": 13.12,
                    "avg_move_time": 2.19,
                    "score": 21,
                    "starts_first": "computer",
                    "play_mode": "pro",
                    "date": [
                        2024,
                        2,
                        18
                    ]
                },
                {
                    "total_time": 50.31,
                    "avg_move_time": 8.38,
                    "score": 50,
                    "starts_first": "computer",
                    "play_mode": "pro",
                    "date": [
                        2024,
                        4,
                        7
                    ]
                },
                {
                    "total_time": 10.25,
                    "avg_move_time": 1.71,
                    "score": 54,
                    "starts_first": "computer",
                    "play_mode": "pro",
                    "date": [
                        2024,
                        4,
                        8
                    ]
                },
                {
                    "total_time": 5.34,
                    "avg_move_time": 0.89,
                    "score": 59,
                    "starts_first": "computer",
                    "play_mode": "pro",
                    "date": [
                        2024,
                        4,
                        8
                    ]
                },
                {
                    "total_time": 20.31,
                    "avg_move_time": 2.54,
                    "score": 63,
                    "starts_first": "computer",
                    "play_mode": "pro",
                    "date": [
                        2024,
                        6,
                        5
                    ]
                },
                {
                    "total_time": 6.95,
                    "avg_move_time": 1.16,
                    "score": 58,
                    "starts_first": "computer",
                    "play_mode": "pro",
                    "date": [
                        2024,
                        6,
                        5
                    ]
                },
                {
                    "total_time": 18.14,
                    "avg_move_time": 2.27,
                    "score": 36,
                    "starts_first": "computer",
                    "play_mode": "pro",
                    "date": [
                        2024,
                        6,
                        29
                    ]
                }
            ],
            "draw": [],
            "loss": [
                {
                    "total_time": 58.04,
                    "avg_move_time": 29.02,
                    "score": 1,
                    "starts_first": "computer",
                    "play_mode": "pro",
                    "date": [
                        2024,
                        2,
                        2
                    ]
                },
                {
                    "total_time": 4.02,
                    "avg_move_time": 2.01,
                    "score": 5,
                    "starts_first": "computer",
                    "play_mode": "pro",
                    "date": [
                        2024,
                        2,
                        2
                    ]
                },
                {
                    "total_time": 7.49,
                    "avg_move_time": 3.74,
                    "score": 1,
                    "starts_first": "computer",
                    "play_mode": "pro",
                    "date": [
                        2024,
                        2,
                        2
                    ]
                },
                {
                    "total_time": 6.63,
                    "avg_move_time": 3.31,
                    "score": 1,
                    "starts_first": "computer",
                    "play_mode": "pro",
                    "date": [
                        2024,
                        2,
                        2
                    ]
                },
                {
                    "total_time": 1.22,
                    "avg_move_time": 0.61,
                    "score": 8,
                    "starts_first": "computer",
                    "play_mode": "pro",
                    "date": [
                        2024,
                        2,
                        2
                    ]
                },
                {
                    "total_time": 1.08,
                    "avg_move_time": 0.54,
                    "score": 8,
                    "starts_first": "computer",
                    "play_mode": "pro",
                    "date": [
                        2024,
                        2,
                        2
                    ]
                },
                {
                    "total_time": 0.88,
                    "avg_move_time": 0.44,
                    "score": 8,
                    "starts_first": "computer",
                    "play_mode": "pro",
                    "date": [
                        2024,
                        2,
                        2
                    ]
                },
                {
                    "total_time": 3.23,
                    "avg_move_time": 1.08,
                    "score": 15,
                    "starts_first": "computer",
                    "play_mode": "pro",
                    "date": [
                        2024,
                        2,
                        2
                    ]
                },
                {
                    "total_time": 12.77,
                    "avg_move_time": 2.13,
                    "score": 34,
                    "starts_first": "computer",
                    "play_mode": "pro",
                    "date": [
                        2024,
                        4,
                        8
                    ]
                },
                {
                    "total_time": 5.91,
                    "avg_move_time": 1.97,
                    "score": 5,
                    "starts_first": "computer",
                    "play_mode": "pro",
                    "date": [
                        2024,
                        6,
                        5
                    ]
                },
                {
                    "total_time": 32.52,
                    "avg_move_time": 4.65,
                    "score": 44,
                    "starts_first": "computer",
                    "play_mode": "pro",
                    "date": [
                        2024,
                        6,
                        5
                    ]
                }
            ]
        },
        "normal": {
            "win": [],
            "draw": [],
            "loss": []
        },
        "hard": {
            "win": [],
            "draw": [],
            "loss": []
        }
    }
}