{"saved_matches": {"hello": {"winner": "P", "score": 59, "avg_move_time": 0.89, "total_time": 5.34, "difficulty": "Easy", "starts_first": "computer", "play_mode": "pro", "board_size": "5x5", "win_length": 4, "timer": "None", "game_moves": [{"player": "C", "cell_number": 17, "timer": "", "score": 0}, {"player": "P", "cell_number": 12, "timer": "00:01", "score": 9}, {"player": "C", "cell_number": 23, "timer": "", "score": 10}, {"player": "P", "cell_number": 11, "timer": "00:02", "score": 17}, {"player": "C", "cell_number": 14, "timer": "", "score": 20}, {"player": "P", "cell_number": 13, "timer": "00:01", "score": 26}, {"player": "C", "cell_number": 10, "timer": "", "score": 30}, {"player": "P", "cell_number": 6, "timer": "00:01", "score": 35}, {"player": "C", "cell_number": 16, "timer": "", "score": 40}, {"player": "P", "cell_number": 18, "timer": "00:00", "score": 45}, {"player": "C", "cell_number": 0, "timer": "", "score": 50}, {"player": "P", "cell_number": 24, "timer": "00:01", "score": 54}], "date": [2024, 4, 8]}}}