{
    "theme":{
        "publish_info":{
            "theme_name": "Default",
            "theme_version": "1.0.0",
            "theme_author": "Silas Elson"
        },
        "general_info":{
            "name": "Default",
            "key": "default",
            "folder_dest": "default",
            "thumbnail": "resources/thumbnail.png"
        },
        "screen_info":{
            "login": {
                "header": "resources/screens/home/header.png",
                "bg": "resources/general/screen_bg.png",
                "btn":{
                    "normal":{
                        "bg": "resources/screens/home/btn_bg.png",
                        "radius": [20, 20, 20, 20],
                        "outline": [[40, 40, 40, 1], 2],
                        "font_size": 45,
                        "font_color": [210, 184, 119, 1],
                        "font_style": ["bold"],
                        "shadow": {
                           "offset": [-4, -6],
                           "color": [0, 0, 0, 0.5],
                           "blur_radius": 10,
                           "border_radius": [25, 25, 25, 25],
                           "visible": true            
                        }
                    },
                    "hover":{
                        "bg": "resources/screens/home/btn_bg.png",
                        "radius": [20, 20, 20, 20],
                        "outline": [[242, 216, 159, 1], 2],
                        "font_size": 45,
                        "font_color": [242, 216, 159, 1],
                        "font_style": ["bold"],
                        "shadow": {
                           "offset": [-4, -6],
                           "color": [0, 0, 0, 0.5],
                           "blur_radius": 10,
                           "border_radius": [25, 25, 25, 25],
                           "visible": true            
                        }
                    }
                },
                "stat_btn":{
                    "normal":{
                        "icon": "resources/screens/home/btn_stats_dark.png",
                        "icon_size": ["100%", "70%"]
                    },
                    "hover":{
                        "icon": "resources/screens/home/btn_stats_light.png",
                        "icon_size": ["100%", "70%"]                        
                    }                
                },
                "profile_btn": {
                    "normal":{
                        "icon": "resources/screens/home/btn_profile_dark.png",
                        "icon_size": ["100%", "80%"]
                    },
                    "hover":{
                        "icon": "resources/screens/home/btn_profile_light.png",
                        "icon_size": ["100%", "80%"]                        
                    }   
                },
                "online_btn": {
                    "normal":{
                        "bg": "resources/screens/home/btn_bg_lock.png"
                    },
                    "hover":{
                        "bg": "resources/screens/home/btn_bg_lock.png"
                    }
                },
                "how_to_play_btn": {
                    "normal": {
                        "font_size": 40,
                        "font_color": [210, 184, 119, 1],
                        "font_style": ["bold"]
                    },
                    "hover": {
                        "font_size": 40,
                        "font_color": [242, 216, 159, 1],
                        "font_style": ["bold"]
                    }
                 }         
            },
            "home": {
                "header": "resources/screens/home/header.png",
                "bg": "resources/general/screen_bg.png",
                "btn":{
                    "normal":{
                        "bg": "resources/screens/home/btn_bg.png",
                        "radius": [20, 20, 20, 20],
                        "outline": [[40, 40, 40, 1], 2],
                        "font_size": 45,
                        "font_color": [210, 184, 119, 1],
                        "font_style": ["bold"],
                        "shadow": {
                           "offset": [-4, -6],
                           "color": [0, 0, 0, 0.5],
                           "blur_radius": 10,
                           "border_radius": [25, 25, 25, 25],
                           "visible": true            
                        }
                    },
                    "hover":{
                        "bg": "resources/screens/home/btn_bg.png",
                        "radius": [20, 20, 20, 20],
                        "outline": [[242, 216, 159, 1], 2],
                        "font_size": 45,
                        "font_color": [242, 216, 159, 1],
                        "font_style": ["bold"],
                        "shadow": {
                           "offset": [-4, -6],
                           "color": [0, 0, 0, 0.5],
                           "blur_radius": 10,
                           "border_radius": [25, 25, 25, 25],
                           "visible": true            
                        }
                    }
                },
                "stat_btn":{
                    "normal":{
                        "icon": "resources/screens/home/btn_stats_dark.png",
                        "icon_size": ["100%", "70%"]
                    },
                    "hover":{
                        "icon": "resources/screens/home/btn_stats_light.png",
                        "icon_size": ["100%", "70%"]                        
                    }                
                },
                "profile_btn": {
                    "normal":{
                        "icon": "resources/screens/home/btn_profile_dark.png",
                        "icon_size": ["100%", "80%"]
                    },
                    "hover":{
                        "icon": "resources/screens/home/btn_profile_light.png",
                        "icon_size": ["100%", "80%"]                        
                    }   
                },
                "online_btn": {
                    "normal":{
                        "bg": "resources/screens/home/btn_bg_lock.png"
                    },
                    "hover":{
                        "bg": "resources/screens/home/btn_bg_lock.png"
                    }
                },
                "how_to_play_btn": {
                    "normal": {
                        "font_size": 40,
                        "font_color": [210, 184, 119, 1],
                        "font_style": ["bold"]
                    },
                    "hover": {
                        "font_size": 40,
                        "font_color": [242, 216, 159, 1],
                        "font_style": ["bold"]
                    }
                 }         
            },
            "single_player_options": {
                "bg": "resources/general/screen_bg.png",
                "header": "resources/general/header_bg.png",
                "header_label": "resources/screens/single_player_options/header_label.png",
                "primary_font_color": [58, 168, 252, 1],
                "primary_font_size": 32,
                "option_label": {
                    "font_color": [28, 28, 28, 1],
                    "font_style": [],
                    "font_size": 30,
                    "text_align": ["right", "center"]
                },
                "arrow_btn":{
                    "right": {
                        "icon": "resources/general/arrow_r.png",
                        "size": ["100%", "65un"]
                    },
                    "left": {
                        "icon": "resources/general/arrow_l.png",
                        "size": ["100%", "65un"]
                    }
                },
                "advanced_btn": {
                    "font_color": [28, 28, 28, 1],
                    "font_size": 26
                },
                "btn": {
                    "normal":{
                        "bg": {"color": [112, 149, 224, 1]},
                        "outline": [[87, 100, 194, 1], 2],
                        "font_color": [200, 200, 200, 1],
                        "radius": [10],
                        "font_style": []
                    },
                    "highlight":{
                        "bg": {"color": [96, 185, 252, 1]},
                        "outline": [[59, 120, 247, 1], 2],
                        "font_color": [255, 255, 255, 1],
                        "radius": [10],
                        "font_style": []
                    }
                },
                "play_as_btn": {
                    "o":{
                        "dark": {
                            "icon": "resources/screens/single_player_options/o_dark.png",
                            "icon_size": ["50un", "50un"]
                        },
                        "light": {
                            "icon": "resources/screens/single_player_options/o_light.png",
                            "icon_size": ["50un", "50un"]
                        }
                    },
                    "x":{
                        "dark": {
                            "icon": "resources/screens/single_player_options/x_dark.png",
                            "icon_size": ["50un", "50un"]
                        },
                        "light": {
                            "icon": "resources/screens/single_player_options/x_light.png",
                            "icon_size": ["50un", "50un"]
                        }                     
                    },
                    "x_o":{
                        "dark": {
                            "icon": "resources/screens/single_player_options/x_o_dark.png",
                            "icon_size": ["80un", "50un"]
                        },
                        "light": {
                            "icon": "resources/screens/single_player_options/x_o_light.png",
                            "icon_size": ["80un", "50un"]
                        }
                    }
                },
                "move_timer_btn": {
                    "dark": {
                        "icon": "resources/screens/single_player_options/no_dark.png",
                        "icon_size": ["50un", "50un"]
                    },
                    "light": {
                        "icon": "resources/screens/single_player_options/no_light.png",
                        "icon_size": ["50un", "50un"]
                    }
                },
                "footer_btn": {
                    "bck_btn":{
                        "bg": {"color": [117, 183, 246, 1]},
                        "size": ["160un", "80un"],
                        "radius": [10],
                        "outline": [[122, 129, 247, 1], 2],
                        "font_size": 30,
                        "font_color": [255, 255, 255, 1],
                        "font_style": []
                    },
                    "play_btn": {
                        "bg": {"color": [117, 183, 246, 1]},
                        "size": ["160un", "80un"],
                        "radius": [10],
                        "outline": [[122, 129, 247, 1], 2],
                        "font_size": 30,
                        "font_color": [255, 255, 255, 1],
                        "font_style": []
                    }
                }
            },
            "single_player_game": {
                "bg": "resources/general/screen_bg.png",
                "header": "resources/general/header_bg.png",
                "tictactoe_logo": "resources/general/tictactoe_logo.png",
                "header_bck_btn": "resources/general/bck_btn.png",
                "play_as": {
                    "x": "resources/screens/single_player_game/x.png",
                    "o": "resources/screens/single_player_game/o.png"
                },
                "header_settings_label": {
                    "font_style": ["bold"],
                    "font_size": 40,
                    "font_color": [255, 255, 255, 1]
                },
                "profile": {
                    "default_char_x": "resources/screens/single_player_game/default_char_profile_x.png",
                    "default_char_o": "resources/screens/single_player_game/default_char_profile_o.png",
                    "default_profile": "resources/screens/single_player_game/default_profile.png",
                    "font_color": [0, 0, 0, 1],
                    "font_style": ["bold"],
                    "outline": [[84, 68, 133, 1], 10],
                    "size": ["160un", "160un"],
                    "radius": [160]
                },
                "stats":{
                    "score_literal_label": {
                        "font_color": [0, 0, 0, 1],
                        "font_style": ["underline", "bold"],
                        "font_size": 35
                    },
                    "score_label": {
                        "font_color": [0, 0, 0, 1],
                        "font_style": [],
                        "font_size": 35
                    }
                },
                "boards":{
                    "board_3": "resources/screens/single_player_game/board_3.png",
                    "board_4": "resources/screens/single_player_game/board_4.png",
                    "board_5": "resources/screens/single_player_game/board_5.png",
                    "board_6": "resources/screens/single_player_game/board_6.png",
                    "board_7": "resources/screens/single_player_game/board_7.png",
                    "board_8": "resources/screens/single_player_game/board_8.png"
                },
                "countdown":{
                    "font_color": [255, 255, 255, 1],
                    "font_size": 200,
                    "font_style": ["bold"]
                },
                "win_line_color": {
                    "P": {
                        "x": [0, 162, 255, 1],
                        "o": [239, 95, 167, 1]
                    },
                    "C": {
                        "x": [0, 162, 255, 1],
                        "o": [239, 95, 167, 1]
                    }
                },
                "final_results":{
                    "bg": "resources/general/screen_bg.png",
                    "header": "resources/screens/single_player_game/tictactoe_result_header.png",
                    "radius": [10],
                    "outline": [[149, 139, 246, 1], 7],
                    "shadow": {
                        "color": [0, 0, 0, 1],
                        "offset": [0, 0],
                        "spread_radius": [0, 0],
                        "border_radius": [10, 10, 10, 10],
                        "blur_radius": 20,
                        "inset": true
                    },
                    "win_message":{
                        "font_color": {"P": [17, 204, 47, 1], "C": [242, 52, 39, 1]},
                        "font_style": ["bold"],
                        "font_size": 55,
                        "shadow": [0, 0, 0, 0.5]
                    },
                    "btn": {
                        "font_color": [255, 255, 255, 1],
                        "font_style": ["bold"],
                        "font_size": 30,
                        "size": ["200un", "85un"],
                        "bg": {"color": [154, 161, 255, 1]},
                        "radius": [20],
                        "shadow": {
                            "offset": [-2, 0],
                            "color": [0, 0, 0, 0.2],
                            "blur_radius": 20,
                            "border_radius": [20, 20, 20, 20],
                            "visible": true
                        }
                    },
                    "dividing_lines": {
                        "bg": {"color": [0, 0, 0, 1]},
                        "thickness": 3
                    },
                    "results_literal": {
                        "font_size": 27,
                        "font_style": ["bold"],
                        "font_color": [0, 0, 0, 1]
                    },
                    "results_info":{
                        "font_size": 30,
                        "font_style": [],
                        "font_color": [0, 0, 0, 1]
                    }
                },
                "save_game":{
                    "message":{
                        "font_color": [0, 0, 0, 2],
                        "font_size": 35,
                        "font_style": []
                    },
                    "input":{
                        "radius": [0],
                        "outline": [[0, 0, 0, 1], 0]
                    },
                    "btn":{
                        "outline": [[122, 129, 247, 1], 2],
                        "bg": {"color": [117, 183, 246, 1]},
                        "radius": [10]    
                    }
                },
                "exit_game":{
                    "label": {
                        "font_size": 30,
                        "font_color": [0, 0, 0, 1],
                        "font_style": ["bold", "underline"]
                    },
                    "exit_btn": {
                        "font_color": [200, 200, 200, 1],
                        "font_style": ["bold"],
                        "font_size": 30,
                        "size": ["80%", "85un"],
                        "bg": {"color": [150, 150, 150, 1]},
                        "radius": [20],
                        "outline": [[100, 100, 100, 1], 3],
                        "shadow": {
                            "offset": [-2, 0],
                            "color": [0, 0, 0, 0.2],
                            "blur_radius": 20,
                            "border_radius": [20, 20, 20, 20],
                            "visible": true
                        }
                    },
                    "cancel_btn": {
                        "font_color": [255, 255, 255, 1],
                        "font_style": ["bold"],
                        "font_size": 30,
                        "size": ["80%", "85un"],
                        "bg": {"color": [154, 161, 255, 1]},
                        "radius": [20],
                        "outline": [[149, 139, 246, 1], 3],
                        "shadow": {
                            "offset": [-2, 0],
                            "color": [0, 0, 0, 0.2],
                            "blur_radius": 20,
                            "border_radius": [20, 20, 20, 20],
                            "visible": true
                        }
                    }

                }
            },
            "multiplayer_options": {
                "bg": "resources/general/screen_bg.png",
                "header": "resources/general/header_bg.png",
                "header_label": "resources/screens/multiplayer_options/header_label.png",
                "primary_font_color": [58, 168, 252, 1],
                "primary_font_size": 32,
                "option_label": {
                    "font_color": [28, 28, 28, 1],
                    "font_style": [],
                    "font_size": 30,
                    "text_align": ["right", "center"]
                },
                "arrow_btn":{
                    "right": {
                        "icon": "resources/general/arrow_r.png",
                        "size": ["100%", "65un"]
                    },
                    "left": {
                        "icon": "resources/general/arrow_l.png",
                        "size": ["100%", "65un"]
                    }
                },
                "advanced_btn": {
                    "font_color": [28, 28, 28, 1],
                    "font_size": 26
                },
                "btn": {
                    "normal":{
                        "bg": {"color": [112, 149, 224, 1]},
                        "outline": [[87, 100, 194, 1], 2],
                        "font_color": [200, 200, 200, 1],
                        "radius": [10],
                        "font_style": []
                    },
                    "highlight":{
                        "bg": {"color": [96, 185, 252, 1]},
                        "outline": [[59, 120, 247, 1], 2],
                        "font_color": [255, 255, 255, 1],
                        "radius": [10],
                        "font_style": []
                    }
                },
                "play_as_btn": {
                    "o":{
                        "dark": {
                            "icon": "resources/screens/multiplayer_options/o_dark.png",
                            "icon_size": ["50un", "50un"]
                        },
                        "light": {
                            "icon": "resources/screens/multiplayer_options/o_light.png",
                            "icon_size": ["50un", "50un"]
                        }
                    },
                    "x":{
                        "dark": {
                            "icon": "resources/screens/multiplayer_options/x_dark.png",
                            "icon_size": ["50un", "50un"]
                        },
                        "light": {
                            "icon": "resources/screens/multiplayer_options/x_light.png",
                            "icon_size": ["50un", "50un"]
                        }                     
                    },
                    "x_o":{
                        "dark": {
                            "icon": "resources/screens/multiplayer_options/x_o_dark.png",
                            "icon_size": ["80un", "50un"]
                        },
                        "light": {
                            "icon": "resources/screens/multiplayer_options/x_o_light.png",
                            "icon_size": ["80un", "50un"]
                        }
                    }
                },
                "move_timer_btn": {
                    "dark": {
                        "icon": "resources/screens/multiplayer_options/no_dark.png",
                        "icon_size": ["50un", "50un"]
                    },
                    "light": {
                        "icon": "resources/screens/multiplayer_options/no_light.png",
                        "icon_size": ["50un", "50un"]
                    }
                },
                "footer_btn": {
                    "bck_btn":{
                        "bg": {"color": [117, 183, 246, 1]},
                        "size": ["160un", "80un"],
                        "radius": [10],
                        "outline": [[122, 129, 247, 1], 2],
                        "font_size": 30,
                        "font_color": [255, 255, 255, 1],
                        "font_style": []
                    },
                    "play_btn": {
                        "bg": {"color": [117, 183, 246, 1]},
                        "size": ["160un", "80un"],
                        "radius": [10],
                        "outline": [[122, 129, 247, 1], 2],
                        "font_size": 30,
                        "font_color": [255, 255, 255, 1],
                        "font_style": []
                    }
                }
            },
            "multiplayer_game": {
                "bg": "resources/general/screen_bg.png",
                "header": "resources/general/header_bg.png",
                "tictactoe_logo": "resources/general/tictactoe_logo.png",
                "header_bck_btn": "resources/general/bck_btn.png",
                "play_as": {
                    "x": "resources/screens/multiplayer_game/x.png",
                    "o": "resources/screens/multiplayer_game/o.png"
                },
                "header_settings_label": {
                    "font_style": ["bold"],
                    "font_size": 40,
                    "font_color": [255, 255, 255, 1]
                },
                "profile": {
                    "default_char_x": "resources/screens/multiplayer_game/default_char_profile_x.png",
                    "default_char_o": "resources/screens/multiplayer_game/default_char_profile_o.png",
                    "default_profile": "resources/screens/multiplayer_game/default_profile.png",
                    "font_color": [0, 0, 0, 1],
                    "font_style": ["bold"],
                    "outline": [[84, 68, 133, 1], 10],
                    "size": ["160un", "160un"],
                    "radius": [160]
                },
                "stats":{
                    "score_literal_label": {
                        "font_color": [0, 0, 0, 1],
                        "font_style": ["underline", "bold"],
                        "font_size": 35
                    },
                    "score_label": {
                        "font_color": [0, 0, 0, 1],
                        "font_style": [],
                        "font_size": 35
                    }
                },
                "boards":{
                    "board_3": "resources/screens/multiplayer_game/board_3.png",
                    "board_4": "resources/screens/multiplayer_game/board_4.png",
                    "board_5": "resources/screens/multiplayer_game/board_5.png",
                    "board_6": "resources/screens/multiplayer_game/board_6.png",
                    "board_7": "resources/screens/multiplayer_game/board_7.png",
                    "board_8": "resources/screens/multiplayer_game/board_8.png"
                },
                "countdown":{
                    "font_color": [255, 255, 255, 1],
                    "font_size": 200,
                    "font_style": ["bold"]
                },
                "win_line_color": {
                    "P": {
                        "x": [0, 162, 255, 1],
                        "o": [239, 95, 167, 1]
                    },
                    "C": {
                        "x": [0, 162, 255, 1],
                        "o": [239, 95, 167, 1]
                    }
                },
                "final_results":{
                    "bg": "resources/general/screen_bg.png",
                    "header": "resources/screens/multiplayer_game/tictactoe_result_header.png",
                    "radius": [10],
                    "outline": [[149, 139, 246, 1], 7],
                    "shadow": {
                        "color": [0, 0, 0, 1],
                        "offset": [0, 0],
                        "spread_radius": [0, 0],
                        "border_radius": [10, 10, 10, 10],
                        "blur_radius": 20,
                        "inset": true
                    },
                    "win_message":{
                        "font_color": {"P": [17, 204, 47, 1], "C": [242, 52, 39, 1]},
                        "font_style": ["bold"],
                        "font_size": 55,
                        "shadow": [0, 0, 0, 0.5]
                    },
                    "btn": {
                        "font_color": [255, 255, 255, 1],
                        "font_style": ["bold"],
                        "font_size": 30,
                        "size": ["200un", "85un"],
                        "bg": {"color": [154, 161, 255, 1]},
                        "radius": [20],
                        "shadow": {
                            "offset": [-2, 0],
                            "color": [0, 0, 0, 0.2],
                            "blur_radius": 20,
                            "border_radius": [20, 20, 20, 20],
                            "visible": true
                        }
                    },
                    "dividing_lines": {
                        "bg": {"color": [0, 0, 0, 1]},
                        "thickness": 3
                    },
                    "results_literal": {
                        "font_size": 27,
                        "font_style": ["bold"],
                        "font_color": [0, 0, 0, 1]
                    },
                    "results_info":{
                        "font_size": 30,
                        "font_style": [],
                        "font_color": [0, 0, 0, 1]
                    }
                },
                "save_game":{
                    "message":{
                        "font_color": [0, 0, 0, 2],
                        "font_size": 35,
                        "font_style": []
                    },
                    "input":{
                        "radius": [0],
                        "outline": [[0, 0, 0, 1], 0]
                    },
                    "btn":{
                        "outline": [[122, 129, 247, 1], 2],
                        "bg": {"color": [117, 183, 246, 1]},
                        "radius": [10]    
                    }
                },
                "exit_game":{
                    "label": {
                        "font_size": 30,
                        "font_color": [0, 0, 0, 1],
                        "font_style": ["bold", "underline"]
                    },
                    "exit_btn": {
                        "font_color": [200, 200, 200, 1],
                        "font_style": ["bold"],
                        "font_size": 30,
                        "size": ["80%", "85un"],
                        "bg": {"color": [150, 150, 150, 1]},
                        "radius": [20],
                        "outline": [[100, 100, 100, 1], 3],
                        "shadow": {
                            "offset": [-2, 0],
                            "color": [0, 0, 0, 0.2],
                            "blur_radius": 20,
                            "border_radius": [20, 20, 20, 20],
                            "visible": true
                        }
                    },
                    "cancel_btn": {
                        "font_color": [255, 255, 255, 1],
                        "font_style": ["bold"],
                        "font_size": 30,
                        "size": ["80%", "85un"],
                        "bg": {"color": [154, 161, 255, 1]},
                        "radius": [20],
                        "outline": [[149, 139, 246, 1], 3],
                        "shadow": {
                            "offset": [-2, 0],
                            "color": [0, 0, 0, 0.2],
                            "blur_radius": 20,
                            "border_radius": [20, 20, 20, 20],
                            "visible": true
                        }
                    }

                }
            },
            "stat":{
                "bg": "resources/general/screen_bg.png",
                "header_bg": "resources/general/header_bg.png",
                "header_label": "resources/screens/stat/header_label.png",
                "header_bck_btn": "resources/general/bck_btn.png",
                "header_logo": "resources/general/tictactoe_logo.png",
                "stat_container":{
                    "title":{
                        "font_size": 30,
                        "font_style": ["bold", "underline"],
                        "font_color": [0, 0, 0, 1]
                    },
                    "container":{
                        "outline": [[0, 0, 0, 1], 1.5],
                        "bg": {"color": [224, 208, 245, 1]}
                    },
                    "btn":{
                        "normal":{
                            "font_size": 35,
                            "font_style": [],
                            "font_color": [200, 200, 200, 1],
                            "bg": {"color": [121, 113, 201, 1]}
                        },
                        "hover":{
                            "font_size": 35,
                            "font_style": ["underline"],
                            "font_color": [255, 255, 255, 1],
                            "bg": {"color": [149, 139, 246, 1]}
                        }
                    },
                    "text":{
                        "font_size": 30,
                        "font_style": [],
                        "font_color": [0, 0, 0, 1],
                        "line_height": 1
                    },
                    "divider":{
                        "color": {"color": [0, 0, 0, 1]},
                        "height": "2un"
                    }
                },
                "ldr_brd":{
                    "header_bg": {"color": [149, 139, 246, 1]},  
                    "title":{
                        "font_size": 30,
                        "font_style": ["bold", "underline"],
                        "font_color": [0, 0, 0, 1]
                    },  
                    "container":{
                        "outline": [[0, 0, 0, 1], 1.5],
                        "bg": {"color": [224, 208, 245, 1]}
                    },
                    "header":{
                        "bg": {"color": [149, 139, 246, 1]},
                        "font_color": [255, 255, 255, 1],
                        "font_size": 30,
                        "font_style": []
                    },
                    "text":{
                        "font_size": 30,
                        "font_style": [],
                        "font_color": [0, 0, 0, 1]
                    }    
                }
            },
            "how_to_play":{
                "bg": "resources/general/screen_bg.png",
                "header": "resources/general/header_bg.png",
                "header_settings_label": {
                    "font_style": ["bold"],
                    "font_size": 40,
                    "font_color": [255, 255, 255, 1]
                },
                "description": {
                    "text_align": ["left", "center"],
                    "font_size": 30,
                    "font_style": [],
                    "line_height": 1.5,
                    "font_color": [0, 0, 0, 1]
                },
                "title": {
                    "text_align": ["left", "center"],
                    "font_size": 30,
                    "line_height": 1.5,
                    "font_style": ["bold"],
                    "font_color": [0, 0, 0, 1]
                },
                "footer_btn": {
                    "bg": {"color": [117, 183, 246, 1]},
                    "outline": [[122, 129, 247, 1], 2],
                    "size": ["160un", "80un"],
                    "radius": [10]
                }             
            },
            "settings":{
                "bg": "resources/general/screen_bg.png",
                "header_bg": "resources/general/header_bg.png",
                "header_bck_btn": "resources/general/bck_btn.png",
                "header_setting_icon": "resources/screens/settings/settings.png",
                "header_label": {
                    "font_style": ["bold"],
                    "font_size": 40,
                    "font_color": [255, 255, 255, 1]
                },
                "themes_label": {
                    "font_size": 40,
                    "font_style": [],
                    "font_color": [0, 0, 0, 1]                    
                },
                "scrollview_theme_item_label":{
                    "font_size": 40,
                    "font_style": ["bold"],
                    "font_color": [255, 255, 255, 1],
                    "outline": {
                        "normal": [[0, 0, 0, 1], 2],
                        "selected": [[255, 0, 0, 1], 5]
                    }
                      
                }
            },
            "profile":{
                "bg": "resources/general/screen_bg.png",
                "header_bg": "resources/general/header_bg.png",
                "header_bck_btn": "resources/general/bck_btn.png",
                "header_label": "resources/screens/profile/header_label.png",
                "header_logo": "resources/general/tictactoe_logo.png",
                "default_player_profile": {
                    "profile_pic": "resources/general/default_profile.png",
                    "outline": [[114, 0, 209, 1], 10]
                },
                "profile_pic_label": {
                    "font_size": 32,
                    "font_style": ["underline"],
                    "font_color": [0, 0, 0, 1]                    
                },
                "profile_user_save_btn":{
                    "font_size": 30,
                    "font_style": ["bold"],
                    "font_color": [255, 255, 255, 1],
                    "radius": [20],
                    "outline": [[53, 105, 189, 1], 2],
                    "bg": {"color": [66, 135, 245, 1]}
                },
                "profile_option_field_button":{
                    "font_style": [""],
                    "font_size": 32,
                    "font_color": [0, 0, 0, 1]             
                },
                "profile_option_field_input":{
                    "outline": [[0, 0, 0, 1], 2],
                    "bg": {"color": [255, 255, 255, 1]},
                    "text_align": {"halign": "center", "valign": "center"}                    
                },
                "filebrowser_container":{
                    "bg": {"color": [160, 80, 217, 1]},
                    "radius": [25],
                    "outline": [[94, 11, 153, 1], 2]                    
                },
                "update_profile_pic_btn":{
                    "radius": [0, 0, 25, 25],
                    "font_style": [255, 255, 255, 1],
                    "bg": {"color": [94, 94, 94, 1]}                    
                },
                "profile_successfully_updated":{
                    "font_size": 30,
                    "font_style": ["bold"],
                    "font_color": [0, 163, 0, 1]                   
                }

            }
        }
    }
}